Year,Name,Frequency,Rank
1920,John,451,1
1920,Joseph,303,2
1920,James,269,3
1920,William,269,3
1920,George,247,5
1920,Charles,150,6
1920,Robert,142,7
1920,Donald,138,8
1920,Harold,121,9
1920,Arthur,111,10
1920,Thomas,102,11
1920,Edward,80,12
1920,Gerald,77,13
1920,Walter,77,13
1920,Gordon,71,15
1920,Ralph,69,16
1920,Albert,62,17
1920,Kenneth,62,17
1920,Douglas,61,19
1920,Ronald,57,20
1921,John,490,1
1921,Joseph,355,2
1921,William,279,3
1921,James,244,4
1921,George,209,5
1921,Charles,173,6
1921,Donald,165,7
1921,Robert,156,8
1921,Arthur,112,9
1921,Harold,109,10
1921,Gerald,90,11
1921,Edward,87,12
1921,Thomas,87,12
1921,Ronald,69,14
1921,Gordon,68,15
1921,Walter,67,16
1921,Douglas,66,17
1921,Kenneth,66,17
1921,Ralph,66,17
1921,Albert,65,20
1922,John,456,1
1922,Joseph,320,2
1922,James,279,3
1922,William,259,4
1922,Donald,191,5
1922,George,187,6
1922,Charles,169,7
1922,Robert,152,8
1922,Arthur,113,9
1922,Harold,107,10
1922,Thomas,94,11
1922,Walter,82,12
1922,Gerald,81,13
1922,Edward,77,14
1922,Ralph,77,14
1922,Kenneth,72,16
1922,Gordon,71,17
1922,Douglas,70,18
1922,Alexander,63,19
1922,Henry,63,19
1923,John,375,1
1923,Joseph,303,2
1923,James,232,3
1923,William,214,4
1923,George,211,5
1923,Donald,185,6
1923,Charles,154,7
1923,Robert,132,8
1923,Harold,115,9
1923,Gerald,90,10
1923,Arthur,75,11
1923,Douglas,71,12
1923,Edward,70,13
1923,Walter,70,13
1923,Thomas,69,15
1923,Kenneth,67,16
1923,Ronald,67,16
1923,Harry,62,18
1923,Francis,59,19
1923,Gordon,57,20
1924,John,435,1
1924,Joseph,306,2
1924,James,247,3
1924,William,246,4
1924,George,196,5
1924,Donald,195,6
1924,Charles,160,7
1924,Robert,141,8
1924,Harold,107,9
1924,Gerald,105,10
1924,Arthur,84,11
1924,Thomas,81,12
1924,Gordon,79,13
1924,Douglas,65,14
1924,Frederick,61,15
1924,Ronald,58,16
1924,Frank,57,17
1924,Kenneth,57,17
1924,Albert,56,19
1924,Edward,56,19
1925,John,501,1
1925,William,276,2
1925,Joseph,266,3
1925,James,223,4
1925,George,209,5
1925,Donald,203,6
1925,Robert,161,7
1925,Charles,138,8
1925,Arthur,102,9
1925,Harold,94,10
1925,Gerald,89,11
1925,Thomas,87,12
1925,Edward,79,13
1925,Gordon,71,14
1925,Kenneth,71,14
1925,Walter,64,16
1925,Francis,62,17
1925,Alexander,61,18
1925,Ronald,60,19
1925,Douglas,55,20
1926,John,402,1
1926,Joseph,301,2
1926,James,245,3
1926,William,237,4
1926,Donald,202,5
1926,George,191,6
1926,Robert,158,7
1926,Charles,138,8
1926,Harold,123,9
1926,Arthur,97,10
1926,Gerald,96,11
1926,Edward,73,12
1926,Thomas,72,13
1926,Gordon,69,14
1926,Francis,66,15
1926,Douglas,61,16
1926,Ronald,59,17
1926,Walter,59,17
1926,Kenneth,57,19
1926,Alexander,53,20
1926,Ralph,53,20
1927,John,412,1
1927,Joseph,270,2
1927,James,234,3
1927,William,233,4
1927,George,189,5
1927,Donald,171,6
1927,Charles,159,7
1927,Robert,147,8
1927,Gerald,108,9
1927,Arthur,104,10
1927,Harold,102,11
1927,Thomas,74,12
1927,Douglas,73,13
1927,Ronald,73,13
1927,Edward,72,15
1927,Gordon,71,16
1927,Kenneth,62,17
1927,Francis,61,18
1927,Daniel,52,19
1927,Ralph,52,19
1928,John,392,1
1928,Joseph,273,2
1928,James,239,3
1928,William,237,4
1928,Donald,204,5
1928,Robert,198,6
1928,George,196,7
1928,Charles,138,8
1928,Gerald,98,9
1928,Harold,98,9
1928,Gordon,78,11
1928,Ronald,75,12
1928,Kenneth,74,13
1928,Arthur,73,14
1928,Thomas,73,14
1928,Edward,66,16
1928,Francis,63,17
1928,Alexander,61,18
1928,Douglas,58,19
1928,Walter,48,20
1929,John,414,1
1929,Joseph,284,2
1929,William,254,3
1929,James,240,4
1929,George,187,5
1929,Donald,178,6
1929,Robert,153,7
1929,Charles,150,8
1929,Gerald,106,9
1929,Thomas,86,10
1929,Harold,83,11
1929,Kenneth,82,12
1929,Arthur,77,13
1929,Walter,73,14
1929,Douglas,70,15
1929,Ronald,60,16
1929,Gordon,58,17
1929,Edward,57,18
1929,David,56,19
1929,Raymond,56,19
1930,John,493,1
1930,James,253,2
1930,William,245,3
1930,Joseph,243,4
1930,Donald,208,5
1930,George,175,6
1930,Robert,161,7
1930,Charles,125,8
1930,Gerald,119,9
1930,Ronald,110,10
1930,Kenneth,89,11
1930,Thomas,84,12
1930,Douglas,82,13
1930,Arthur,78,14
1930,Harold,74,15
1930,Raymond,71,16
1930,Edward,70,17
1930,Gordon,69,18
1930,Francis,61,19
1930,Roy,54,20
1930,Walter,54,20
1931,John,438,1
1931,Joseph,305,2
1931,William,277,3
1931,James,234,4
1931,Donald,228,5
1931,Robert,192,6
1931,George,191,7
1931,Charles,160,8
1931,Gerald,123,9
1931,Kenneth,91,10
1931,Edward,90,11
1931,Ronald,86,12
1931,Douglas,85,13
1931,Gordon,82,14
1931,Harold,76,15
1931,Arthur,72,16
1931,Raymond,65,17
1931,Thomas,63,18
1931,Frederick,58,19
1931,Daniel,57,20
1932,John,412,1
1932,Joseph,305,2
1932,William,281,3
1932,James,268,4
1932,Donald,233,5
1932,Robert,182,6
1932,George,181,7
1932,Charles,151,8
1932,Gerald,136,9
1932,Ronald,113,10
1932,Harold,91,11
1932,Douglas,85,12
1932,Arthur,76,13
1932,Kenneth,72,14
1932,Raymond,71,15
1932,Gordon,65,16
1932,Bernard,64,17
1932,Thomas,64,17
1932,Ralph,58,19
1932,Alexander,57,20
1933,John,406,1
1933,Joseph,295,2
1933,William,248,3
1933,James,233,4
1933,Donald,208,5
1933,Robert,195,6
1933,George,171,7
1933,Charles,148,8
1933,Ronald,127,9
1933,Gerald,96,10
1933,Kenneth,93,11
1933,Arthur,81,12
1933,Harold,78,13
1933,Thomas,72,14
1933,Douglas,71,15
1933,Gordon,68,16
1933,Edward,64,17
1933,Walter,57,18
1933,David,53,19
1933,Richard,53,19
1934,John,428,1
1934,James,291,2
1934,Joseph,287,3
1934,William,260,4
1934,Robert,212,5
1934,Donald,204,6
1934,Ronald,162,7
1934,George,156,8
1934,Charles,147,9
1934,Douglas,100,10
1934,Gerald,100,10
1934,Edward,86,12
1934,Harold,85,13
1934,Thomas,83,14
1934,Kenneth,78,15
1934,David,75,16
1934,Gordon,72,17
1934,Arthur,58,18
1934,Raymond,58,18
1934,Roy,55,20
1935,John,443,1
1935,James,293,2
1935,Joseph,278,3
1935,William,241,4
1935,Donald,229,5
1935,Robert,210,6
1935,George,193,7
1935,Charles,149,8
1935,Ronald,141,9
1935,Gerald,101,10
1935,Thomas,88,11
1935,David,84,12
1935,Harold,82,13
1935,Kenneth,81,14
1935,Douglas,76,15
1935,Gordon,67,16
1935,Edward,65,17
1935,Arthur,61,18
1935,Richard,61,18
1935,Francis,56,20
1936,John,483,1
1936,James,284,2
1936,Joseph,276,3
1936,Robert,253,4
1936,William,250,5
1936,Donald,224,6
1936,George,186,7
1936,Charles,163,8
1936,Ronald,145,9
1936,David,110,10
1936,Gerald,107,11
1936,Edward,99,12
1936,Kenneth,92,13
1936,Harold,86,14
1936,Thomas,86,14
1936,Gordon,84,16
1936,Douglas,75,17
1936,Raymond,70,18
1936,Arthur,60,19
1936,Francis,55,20
1937,John,435,1
1937,Joseph,293,2
1937,James,281,3
1937,Robert,272,4
1937,William,261,5
1937,Donald,221,6
1937,George,204,7
1937,Charles,136,8
1937,Gerald,120,9
1937,David,118,10
1937,Ronald,115,11
1937,Kenneth,106,12
1937,Thomas,95,13
1937,Edward,84,14
1937,Douglas,75,15
1937,Arthur,69,16
1937,Gordon,68,17
1937,Raymond,65,18
1937,Richard,59,19
1937,Francis,57,20
1938,John,483,1
1938,James,292,2
1938,Robert,264,3
1938,Joseph,252,4
1938,William,245,5
1938,Donald,204,6
1938,Charles,169,7
1938,George,168,8
1938,David,144,9
1938,Ronald,136,10
1938,Gerald,113,11
1938,Kenneth,109,12
1938,Arthur,99,13
1938,Douglas,93,14
1938,Edward,88,15
1938,Thomas,85,16
1938,Harold,79,17
1938,Richard,71,18
1938,Gordon,68,19
1938,Raymond,61,20
1939,John,450,1
1939,James,280,2
1939,Joseph,261,3
1939,Robert,251,4
1939,William,234,5
1939,Donald,190,6
1939,George,189,7
1939,David,177,8
1939,Charles,143,9
1939,Ronald,104,10
1939,Thomas,87,11
1939,Kenneth,85,12
1939,Douglas,83,13
1939,Gerald,83,13
1939,Edward,74,15
1939,Harold,72,16
1939,Raymond,71,17
1939,Richard,67,18
1939,Gordon,66,19
1939,Michael,63,20
1940,John,511,1
1940,James,300,2
1940,Joseph,274,3
1940,William,265,4
1940,Robert,255,5
1940,Donald,208,6
1940,David,197,7
1940,George,169,8
1940,Charles,138,9
1940,Gerald,113,10
1940,Ronald,102,11
1940,Gordon,91,12
1940,Thomas,87,13
1940,Kenneth,83,14
1940,Raymond,78,15
1940,Edward,76,16
1940,Michael,75,17
1940,Richard,73,18
1940,Arthur,71,19
1940,Douglas,70,20
1941,John,478,1
1941,William,296,2
1941,James,289,3
1941,Joseph,271,4
1941,Robert,263,5
1941,David,233,6
1941,Donald,215,7
1941,George,202,8
1941,Ronald,152,9
1941,Charles,151,10
1941,Thomas,120,11
1941,Kenneth,102,12
1941,Gerald,99,13
1941,Douglas,87,14
1941,Richard,85,15
1941,Edward,84,16
1941,Harold,83,17
1941,Daniel,78,18
1941,Wayne,77,19
1941,Arthur,70,20
1941,Raymond,70,20
1942,John,586,1
1942,James,374,2
1942,William,316,3
1942,Robert,304,4
1942,Joseph,300,5
1942,Donald,261,6
1942,David,227,7
1942,George,203,8
1942,Ronald,154,9
1942,Charles,139,10
1942,Kenneth,126,11
1942,Gerald,120,12
1942,Gordon,112,13
1942,Wayne,112,13
1942,Thomas,108,15
1942,Douglas,105,16
1942,Edward,100,17
1942,Richard,99,18
1942,Paul,91,19
1942,Michael,87,20
1943,John,536,1
1943,James,370,2
1943,Robert,336,3
1943,Joseph,306,4
1943,William,306,4
1943,Donald,286,6
1943,David,264,7
1943,George,175,8
1943,Ronald,151,9
1943,Charles,140,10
1943,Kenneth,133,11
1943,Gerald,122,12
1943,Wayne,122,12
1943,Douglas,105,14
1943,Richard,103,15
1943,Michael,97,16
1943,Thomas,94,17
1943,Gordon,90,18
1943,Raymond,86,19
1943,Arthur,84,20
1944,John,596,1
1944,James,348,2
1944,Robert,343,3
1944,Joseph,328,4
1944,David,316,5
1944,William,314,6
1944,Donald,232,7
1944,George,183,8
1944,Charles,161,9
1944,Ronald,161,9
1944,Kenneth,151,11
1944,Wayne,150,12
1944,Gary,123,13
1944,Richard,123,13
1944,Thomas,115,15
1944,Gerald,114,16
1944,Michael,105,17
1944,Gordon,103,18
1944,Douglas,94,19
1944,Paul,89,20
1945,John,597,1
1945,Robert,375,2
1945,James,351,3
1945,Joseph,307,4
1945,William,297,5
1945,David,287,6
1945,Donald,237,7
1945,Gary,196,8
1945,Ronald,189,9
1945,George,156,10
1945,Wayne,145,11
1945,Charles,139,12
1945,Kenneth,130,13
1945,Thomas,127,14
1945,Michael,121,15
1945,Richard,120,16
1945,Gerald,115,17
1945,Paul,115,17
1945,Peter,93,19
1945,Douglas,92,20
1946,John,698,1
1946,David,375,2
1946,James,370,3
1946,Robert,354,4
1946,William,313,5
1946,Joseph,288,6
1946,Donald,257,7
1946,Gary,197,8
1946,Wayne,193,9
1946,Ronald,183,10
1946,Richard,176,11
1946,George,164,12
1946,Gerald,150,13
1946,Charles,148,14
1946,Kenneth,142,15
1946,Michael,119,16
1946,Douglas,118,17
1946,Paul,116,18
1946,Daniel,97,19
1946,Thomas,93,20
1947,John,633,1
1947,David,459,2
1947,James,416,3
1947,Robert,388,4
1947,William,360,5
1947,Joseph,279,6
1947,Donald,268,7
1947,Ronald,207,8
1947,Gary,189,9
1947,Wayne,183,10
1947,George,179,11
1947,Richard,175,12
1947,Brian,164,13
1947,Charles,163,14
1947,Kenneth,152,15
1947,Michael,141,16
1947,Paul,124,17
1947,Gerald,118,18
1947,Thomas,111,19
1947,Douglas,105,20
1948,John,578,1
1948,David,447,2
1948,James,377,3
1948,Robert,366,4
1948,William,321,5
1948,Joseph,289,6
1948,Donald,245,7
1948,Michael,190,8
1948,Ronald,186,9
1948,George,180,10
1948,Gary,162,11
1948,Wayne,148,12
1948,Kenneth,138,13
1948,Charles,133,14
1948,Thomas,129,15
1948,Brian,123,16
1948,Richard,119,17
1948,Gerald,117,18
1948,Paul,109,19
1948,Douglas,108,20
1949,John,635,1
1949,David,418,2
1949,James,371,3
1949,Robert,344,4
1949,Joseph,304,5
1949,William,285,6
1949,Donald,227,7
1949,Michael,190,8
1949,Charles,177,9
1949,Ronald,167,10
1949,George,161,11
1949,Kenneth,151,12
1949,Brian,146,13
1949,Gary,142,14
1949,Richard,135,15
1949,Wayne,130,16
1949,Thomas,128,17
1949,Paul,120,18
1949,Gerald,116,19
1949,Douglas,114,20
1950,John,540,1
1950,David,364,2
1950,Robert,360,3
1950,James,354,4
1950,William,269,5
1950,Joseph,264,6
1950,Donald,233,7
1950,Michael,211,8
1950,Brian,200,9
1950,Gary,178,10
1950,George,158,11
1950,Richard,149,12
1950,Paul,145,13
1950,Ronald,144,14
1950,Gerald,135,15
1950,Kenneth,129,16
1950,Charles,124,17
1950,Thomas,119,18
1950,Peter,108,19
1950,Stephen,108,19
1951,John,579,1
1951,David,382,2
1951,James,337,3
1951,Robert,330,4
1951,William,291,5
1951,Joseph,266,6
1951,Donald,250,7
1951,Michael,241,8
1951,Gary,177,9
1951,Brian,176,10
1951,George,133,11
1951,Richard,132,12
1951,Thomas,132,12
1951,Kenneth,131,14
1951,Charles,130,15
1951,Paul,128,16
1951,Stephen,126,17
1951,Ronald,125,18
1951,Wayne,111,19
1951,Peter,102,20
1952,John,526,1
1952,David,407,2
1952,James,382,3
1952,Robert,367,4
1952,Michael,269,5
1952,William,262,6
1952,Joseph,255,7
1952,Gary,194,8
1952,Donald,192,9
1952,Brian,179,10
1952,Richard,161,11
1952,Thomas,152,12
1952,Paul,146,13
1952,Ronald,146,13
1952,Kenneth,141,15
1952,George,137,16
1952,Charles,124,17
1952,Daniel,113,18
1952,Peter,110,19
1952,Wayne,109,20
1953,John,537,1
1953,David,399,2
1953,Robert,354,3
1953,James,314,4
1953,Michael,312,5
1953,William,274,6
1953,Joseph,257,7
1953,Donald,219,8
1953,Brian,188,9
1953,Gary,177,10
1953,Richard,170,11
1953,Paul,162,12
1953,Stephen,155,13
1953,Ronald,149,14
1953,George,137,15
1953,Daniel,135,16
1953,Thomas,134,17
1953,Charles,128,18
1953,Kenneth,125,19
1953,Douglas,115,20
1954,John,578,1
1954,Robert,389,2
1954,David,388,3
1954,Michael,359,4
1954,James,310,5
1954,William,298,6
1954,Joseph,246,7
1954,Donald,221,8
1954,Brian,193,9
1954,Paul,166,10
1954,Gary,164,11
1954,Kenneth,150,12
1954,Stephen,145,13
1954,Richard,142,14
1954,George,139,15
1954,Ronald,139,15
1954,Kevin,136,17
1954,Charles,135,18
1954,Douglas,120,19
1954,Peter,119,20
1954,Wayne,119,20
1955,John,499,1
1955,David,478,2
1955,Robert,372,3
1955,James,364,4
1955,Michael,317,5
1955,William,290,6
1955,Joseph,268,7
1955,Donald,226,8
1955,Paul,182,9
1955,Gary,176,10
1955,Brian,172,11
1955,Richard,156,12
1955,Stephen,156,12
1955,Kevin,154,14
1955,Ronald,143,15
1955,Kenneth,140,16
1955,Thomas,140,16
1955,Peter,134,18
1955,George,129,19
1955,Wayne,118,20
1956,John,478,1
1956,David,461,2
1956,Michael,381,3
1956,James,364,4
1956,Robert,358,5
1956,William,305,6
1956,Joseph,265,7
1956,Donald,231,8
1956,Brian,203,9
1956,Paul,203,9
1956,Richard,199,11
1956,Kevin,180,12
1956,Stephen,178,13
1956,Gary,172,14
1956,Thomas,167,15
1956,Kenneth,158,16
1956,Ronald,144,17
1956,Peter,129,18
1956,Charles,128,19
1956,George,127,20
1957,John,484,1
1957,David,430,2
1957,Robert,387,3
1957,Michael,338,4
1957,James,317,5
1957,William,258,6
1957,Joseph,251,7
1957,Donald,238,8
1957,Stephen,213,9
1957,Kevin,197,10
1957,Paul,195,11
1957,Brian,179,12
1957,Daniel,175,13
1957,Richard,175,13
1957,Ronald,143,15
1957,Kenneth,142,16
1957,Gary,138,17
1957,Peter,137,18
1957,Thomas,129,19
1957,Gregory,117,20
1958,John,478,1
1958,David,419,2
1958,Robert,357,3
1958,Michael,349,4
1958,James,296,5
1958,William,251,6
1958,Joseph,250,7
1958,Stephen,244,8
1958,Paul,208,9
1958,Donald,203,10
1958,Kevin,202,11
1958,Brian,200,12
1958,Richard,189,13
1958,Ronald,161,14
1958,Kenneth,152,15
1958,Peter,149,16
1958,Daniel,144,17
1958,Gary,121,18
1958,Thomas,115,19
1958,Wayne,107,20
1959,John,509,1
1959,David,402,2
1959,James,357,3
1959,Michael,354,4
1959,Robert,299,5
1959,William,238,6
1959,Stephen,225,7
1959,Kevin,223,8
1959,Joseph,219,9
1959,Paul,209,10
1959,Donald,199,11
1959,Brian,183,12
1959,Richard,175,13
1959,Daniel,158,14
1959,Ronald,153,15
1959,Peter,152,16
1959,Kenneth,151,17
1959,Timothy,131,18
1959,Douglas,112,19
1959,Charles,108,20
1960,John,454,1
1960,David,406,2
1960,Robert,355,3
1960,Michael,352,4
1960,James,317,5
1960,Paul,229,6
1960,Joseph,226,7
1960,William,224,8
1960,Kevin,219,9
1960,Stephen,216,10
1960,Richard,191,11
1960,Donald,187,12
1960,Brian,172,13
1960,Timothy,164,14
1960,Peter,149,15
1960,Peter,147,16
1960,Kenneth,129,17
1960,Ronald,122,18
1960,Christopher,114,19
1960,Thomas,112,20
1961,John,470,1
1961,David,423,2
1961,Robert,377,3
1961,Michael,363,4
1961,James,315,5
1961,Kevin,261,6
1961,William,244,7
1961,Paul,231,8
1961,Stephen,227,9
1961,Joseph,199,10
1961,Peter,177,11
1961,Richard,168,12
1961,Donald,167,13
1961,Timothy,162,14
1961,Brian,161,15
1961,Daniel,154,16
1961,Gregory,141,17
1961,Kenneth,134,18
1961,Christopher,133,19
1961,Mark,133,19
1962,John,517,1
1962,David,471,2
1962,Michael,409,3
1962,Robert,359,4
1962,James,326,5
1962,Kevin,258,6
1962,Stephen,246,7
1962,Paul,236,8
1962,Joseph,234,9
1962,William,215,10
1962,Donald,166,11
1962,Daniel,164,12
1962,Peter,158,13
1962,Brian,141,14
1962,Richard,141,14
1962,Mark,132,16
1962,Kenneth,128,17
1962,Timothy,126,18
1962,Ronald,118,19
1962,Gregory,107,20
1963,John,467,1
1963,David,401,2
1963,Michael,390,3
1963,Robert,345,4
1963,James,292,5
1963,Paul,271,6
1963,Stephen,245,7
1963,Kevin,228,8
1963,William,216,9
1963,Joseph,196,10
1963,Donald,174,11
1963,Peter,171,12
1963,Brian,153,13
1963,Mark,147,14
1963,Ronald,146,15
1963,Kenneth,144,16
1963,Richard,143,17
1963,Daniel,129,18
1963,Timothy,125,19
1963,Christopher,118,20
1963,Gregory,118,20
1964,John,471,1
1964,Robert,383,2
1964,Michael,375,3
1964,David,336,4
1964,James,322,5
1964,Paul,240,6
1964,Kevin,221,7
1964,Joseph,200,8
1964,Stephen,198,9
1964,William,181,10
1964,Richard,161,11
1964,Donald,156,12
1964,Brian,149,13
1964,Peter,136,14
1964,Mark,133,15
1964,Kenneth,132,16
1964,Ronald,127,17
1964,Timothy,125,18
1964,Daniel,118,19
1964,Christopher,103,20
1964,Gregory,103,20
1965,John,412,1
1965,Michael,339,2
1965,Robert,332,3
1965,David,281,4
1965,James,269,5
1965,Paul,228,6
1965,Darren,191,7
1965,Joseph,190,8
1965,Kevin,190,8
1965,Stephen,179,10
1965,William,153,11
1965,Mark,148,12
1965,Richard,129,13
1965,Donald,125,14
1965,Peter,124,15
1965,Christopher,115,16
1965,Timothy,113,17
1965,Daniel,112,18
1965,Kenneth,111,19
1965,Brian,110,20
1966,John,376,1
1966,Michael,324,2
1966,David,303,3
1966,Robert,301,4
1966,James,243,5
1966,Paul,184,6
1966,Joseph,169,7
1966,Kevin,168,8
1966,Stephen,147,9
1966,William,142,10
1966,Donald,132,11
1966,Brian,123,12
1966,Timothy,121,13
1966,Christopher,116,14
1966,Richard,116,14
1966,Mark,113,16
1966,Scott,105,17
1966,Peter,103,18
1966,Andrew,99,19
1966,Daniel,97,20
1967,John,293,1
1967,David,287,2
1967,Robert,281,3
1967,Michael,263,4
1967,James,251,5
1967,Kevin,162,6
1967,Christopher,153,7
1967,Paul,149,8
1967,William,140,9
1967,Joseph,137,10
1967,Peter,132,11
1967,Brian,127,12
1967,Stephen,127,12
1967,Timothy,111,14
1967,Jeffrey,103,15
1967,Daniel,101,16
1967,Donald,99,17
1967,Mark,96,18
1967,Richard,95,19
1967,Thomas,92,20
1968,John,312,1
1968,Michael,311,2
1968,Robert,267,3
1968,David,254,4
1968,James,196,5
1968,Paul,163,6
1968,Christopher,155,7
1968,Stephen,149,8
1968,William,143,9
1968,Kevin,138,10
1968,Mark,138,10
1968,Scott,125,12
1968,Daniel,109,13
1968,Darren,109,13
1968,Richard,109,13
1968,Timothy,107,16
1968,Brian,106,17
1968,Peter,105,18
1968,Joseph,101,19
1968,Donald,92,20
1969,David,289,1
1969,Michael,285,2
1969,John,272,3
1969,Robert,242,4
1969,James,195,5
1969,Paul,156,6
1969,Mark,139,7
1969,Christopher,134,8
1969,Kevin,130,9
1969,Scott,127,10
1969,Stephen,126,11
1969,William,115,12
1969,Joseph,105,13
1969,Darren,102,14
1969,Richard,98,15
1969,Donald,93,16
1969,Brian,91,17
1969,Peter,91,17
1969,Steven,90,19
1969,Timothy,90,19
1970,John,305,1
1970,Michael,285,2
1970,David,270,3
1970,Robert,230,4
1970,James,216,5
1970,Christopher,158,6
1970,Scott,145,7
1970,Mark,144,8
1970,Paul,143,9
1970,William,143,9
1970,Kevin,138,11
1970,Stephen,122,12
1970,Joseph,119,13
1970,Craig,104,14
1970,Andrew,103,15
1970,Richard,101,16
1970,Peter,96,17
1970,Jeffrey,93,18
1970,Steven,89,19
1970,Kenneth,86,20
1971,David,273,1
1971,James,256,2
1971,John,256,2
1971,Michael,250,4
1971,Robert,223,5
1971,Christopher,191,6
1971,Mark,148,7
1971,Scott,142,8
1971,Paul,132,9
1971,Kevin,130,10
1971,Jason,126,11
1971,William,119,12
1971,Craig,103,13
1971,Brian,100,14
1971,Stephen,100,14
1971,Richard,96,16
1971,Shawn,96,16
1971,Joseph,90,18
1971,Peter,90,18
1971,Timothy,90,18
1972,Michael,265,1
1972,Jason,230,2
1972,John,227,3
1972,David,211,4
1972,Christopher,204,5
1972,Robert,203,6
1972,James,184,7
1972,Mark,140,8
1972,William,132,9
1972,Scott,125,10
1972,Paul,101,11
1972,Kevin,100,12
1972,Stephen,100,12
1972,Joseph,99,14
1972,Trevor,96,15
1972,Jeffrey,91,16
1972,Donald,90,17
1972,Peter,88,18
1972,Shawn,87,19
1972,Andrew,84,20
1973,Jason,332,1
1973,Michael,258,2
1973,Christopher,214,3
1973,John,191,4
1973,Robert,189,5
1973,James,180,6
1973,David,177,7
1973,Kevin,134,8
1973,Mark,132,9
1973,William,114,10
1973,Scott,111,11
1973,Paul,106,12
1973,Stephen,101,13
1973,Shawn,92,14
1973,Andrew,90,15
1973,Peter,90,15
1973,Daniel,89,17
1973,Brian,87,18
1973,Gregory,86,19
1973,Jeffrey,86,19
1974,Jason,327,1
1974,Michael,246,2
1974,David,230,3
1974,John,215,4
1974,Christopher,201,5
1974,James,194,6
1974,Robert,179,7
1974,Mark,139,8
1974,Scott,120,9
1974,Kevin,107,10
1974,William,98,11
1974,Stephen,93,12
1974,Trevor,91,13
1974,Daniel,87,14
1974,Andrew,84,15
1974,Brian,82,16
1974,Paul,82,16
1974,Steven,81,18
1974,Joseph,80,19
1974,Matthew,80,19
1974,Shawn,80,19
1975,Jason,352,1
1975,Michael,255,2
1975,Christopher,226,3
1975,John,216,4
1975,James,209,5
1975,David,207,6
1975,Robert,175,7
1975,Mark,130,8
1975,Scott,115,9
1975,Kevin,111,10
1975,Matthew,101,11
1975,Stephen,96,12
1975,Andrew,95,13
1975,William,94,14
1975,Jeffrey,93,15
1975,Richard,93,15
1975,Paul,88,17
1975,Steven,87,18
1975,Daniel,81,19
1975,Trevor,81,19
1976,Jason,270,1
1976,Michael,265,2
1976,Christopher,261,3
1976,David,223,4
1976,James,192,5
1976,John,189,6
1976,Robert,163,7
1976,Mark,141,8
1976,Andrew,110,9
1976,Joseph,103,10
1976,Scott,102,11
1976,Jeffrey,100,12
1976,Stephen,98,13
1976,Matthew,91,14
1976,William,89,15
1976,Kevin,88,16
1976,Trevor,87,17
1976,Brian,84,18
1976,Steven,84,18
1976,Daniel,78,20
1977,Michael,247,1
1977,Christopher,243,2
1977,Jason,242,3
1977,John,174,4
1977,James,173,5
1977,David,168,6
1977,Robert,167,7
1977,Matthew,130,8
1977,Andrew,118,9
1977,Mark,104,10
1977,Daniel,97,11
1977,William,96,12
1977,Shawn,90,13
1977,Brian,85,14
1977,Scott,85,14
1977,Joseph,81,16
1977,Stephen,81,16
1977,Trevor,77,18
1977,Jeffrey,76,19
1977,Peter,75,20
1978,Jason,240,1
1978,Michael,234,2
1978,James,191,3
1978,Christopher,189,4
1978,David,186,5
1978,John,178,6
1978,Robert,164,7
1978,Mark,140,8
1978,Matthew,134,9
1978,Andrew,116,10
1978,Joseph,115,11
1978,Adam,97,12
1978,Ryan,90,13
1978,Stephen,88,14
1978,Daniel,87,15
1978,Nicholas,85,16
1978,William,84,17
1978,Jonathan,81,18
1978,Steven,76,19
1978,Kevin,75,20
1979,Michael,254,1
1979,Christopher,227,2
1979,Jason,208,3
1979,David,177,4
1979,James,175,5
1979,John,171,6
1979,Matthew,168,7
1979,Andrew,141,8
1979,Adam,126,9
1979,Mark,126,9
1979,Nicholas,121,11
1979,Robert,118,12
1979,Daniel,112,13
1979,Joseph,110,14
1979,Ryan,102,15
1979,William,92,16
1979,Stephen,86,17
1979,Brian,85,18
1979,Kevin,81,19
1979,Scott,80,20
1980,Michael,262,1
1980,Jason,208,2
1980,Christopher,207,3
1980,Matthew,186,4
1980,David,151,5
1980,John,146,6
1980,Robert,143,7
1980,James,137,8
1980,Adam,136,9
1980,Joseph,115,10
1980,Jonathan,109,11
1980,Ryan,107,12
1980,Andrew,105,13
1980,Mark,105,13
1980,Daniel,100,15
1980,Brian,86,16
1980,Kevin,85,17
1980,Jeffrey,82,18
1980,Scott,82,18
1980,Nicholas,76,20
1981,Matthew,250,1
1981,Michael,219,2
1981,Christopher,210,3
1981,Ryan,191,4
1981,Adam,167,5
1981,Jason,154,6
1981,James,153,7
1981,David,145,8
1981,John,144,9
1981,Robert,133,10
1981,Jonathan,123,11
1981,Andrew,121,12
1981,Daniel,104,13
1981,Mark,93,14
1981,Nicholas,88,15
1981,Stephen,87,16
1981,Joseph,82,17
1981,William,77,18
1981,Justin,73,19
1981,Brian,70,20
1982,Matthew,287,1
1982,Christopher,272,2
1982,Michael,245,3
1982,Ryan,211,4
1982,David,153,5
1982,John,151,6
1982,Adam,149,7
1982,James,148,8
1982,Jason,141,9
1982,Jonathan,126,10
1982,Andrew,125,11
1982,Nicholas,112,12
1982,Robert,111,13
1982,Daniel,94,14
1982,Mark,94,14
1982,Joseph,89,16
1982,Stephen,87,17
1982,William,86,18
1982,Joshua,74,19
1982,Justin,73,20
1983,Matthew,328,1
1983,Christopher,241,2
1983,Michael,214,3
1983,Ryan,189,4
1983,Andrew,164,5
1983,David,162,6
1983,John,154,7
1983,James,141,8
1983,Adam,136,9
1983,Jason,134,10
1983,Robert,131,11
1983,Jonathan,120,12
1983,Mark,115,13
1983,Daniel,100,14
1983,Joseph,100,14
1983,Jeffrey,96,16
1983,Justin,95,17
1983,Nicholas,93,18
1983,Stephen,91,19
1983,William,86,20
1984,Matthew,310,1
1984,Christopher,224,2
1984,Michael,224,2
1984,Ryan,180,4
1984,Adam,155,5
1984,Andrew,146,6
1984,David,145,7
1984,James,137,8
1984,Daniel,127,9
1984,John,124,10
1984,Robert,122,11
1984,Jason,118,12
1984,Justin,112,13
1984,Jonathan,107,14
1984,Joshua,107,14
1984,Nicholas,102,16
1984,Joseph,97,17
1984,Mark,90,18
1984,Jeffrey,85,19
1984,William,84,20
1985,Matthew,283,1
1985,Michael,230,2
1985,Christopher,200,3
1985,Ryan,165,4
1985,Andrew,158,5
1985,Daniel,153,6
1985,Adam,136,7
1985,John,136,7
1985,Jason,131,9
1985,James,130,10
1985,Justin,125,11
1985,Robert,123,12
1985,David,122,13
1985,Joshua,117,14
1985,Jonathan,114,15
1985,Joseph,113,16
1985,Kyle,105,17
1985,Jeffrey,93,18
1985,Nicholas,92,19
1985,Stephen,86,20
1986,Matthew,246,1
1986,Christopher,235,2
1986,Michael,226,3
1986,Ryan,172,4
1986,Andrew,170,5
1986,Daniel,132,6
1986,John,130,7
1986,David,129,8
1986,Kyle,129,8
1986,Justin,117,10
1986,James,115,11
1986,Jonathan,109,12
1986,Adam,105,13
1986,Nicholas,105,13
1986,Joseph,100,15
1986,Robert,100,15
1986,Joshua,96,17
1986,Jason,88,18
1986,Stephen,78,19
1986,Mark,75,20
1987,Matthew,246,1
1987,Michael,208,2
1987,Christopher,177,3
1987,Andrew,162,4
1987,Kyle,145,5
1987,Ryan,143,6
1987,Justin,139,7
1987,James,122,8
1987,Adam,121,9
1987,David,116,10
1987,Daniel,106,11
1987,Joshua,103,12
1987,Jonathan,97,13
1987,Joseph,96,14
1987,Nicholas,96,14
1987,John,94,16
1987,Tyler,78,17
1987,Robert,77,18
1987,Alexander,71,19
1987,Mark,71,19
1988,Matthew,244,1
1988,Michael,182,2
1988,Ryan,169,3
1988,Justin,168,4
1988,Christopher,164,5
1988,Kyle,154,6
1988,Andrew,153,7
1988,Daniel,121,8
1988,James,111,9
1988,Nicholas,110,10
1988,Joshua,109,11
1988,David,97,12
1988,Jonathan,96,13
1988,Adam,92,14
1988,John,92,14
1988,Robert,89,16
1988,Jeremy,78,17
1988,Brandon,76,18
1988,Joseph,76,18
1988,Alexander,70,20
1989,Matthew,213,1
1989,Michael,190,2
1989,Christopher,177,3
1989,Kyle,150,4
1989,Andrew,146,5
1989,Ryan,141,6
1989,Justin,135,7
1989,Nicholas,131,8
1989,Daniel,125,9
1989,David,118,10
1989,John,112,11
1989,James,111,12
1989,Joshua,102,13
1989,Robert,87,14
1989,Adam,86,15
1989,Alexander,85,16
1989,Jonathan,83,17
1989,Tyler,82,18
1989,Brandon,76,19
1989,Stephen,69,20
1990,Matthew,242,1
1990,Kyle,182,2
1990,Michael,165,3
1990,Christopher,153,4
1990,Justin,146,5
1990,Ryan,143,6
1990,Andrew,130,7
1990,Joshua,124,8
1990,Jordan,122,9
1990,James,119,10
1990,John,96,11
1990,David,94,12
1990,Robert,94,12
1990,Nicholas,90,14
1990,Daniel,88,15
1990,Brandon,87,16
1990,Alexander,85,17
1990,Adam,81,18
1990,Jonathan,81,18
1990,Tyler,80,20
1991,Matthew,185,1
1991,Kyle,152,2
1991,Michael,145,3
1991,Christopher,143,4
1991,Ryan,142,5
1991,Joshua,131,6
1991,Justin,126,7
1991,Jordan,123,8
1991,Andrew,119,9
1991,Daniel,108,10
1991,Nicholas,104,11
1991,Alexander,98,12
1991,Tyler,96,13
1991,Brandon,95,14
1991,Robert,95,14
1991,James,93,16
1991,David,90,17
1991,Cody,83,18
1991,John,79,19
1991,Joseph,73,20
1992,Matthew,210,1
1992,Ryan,169,2
1992,Michael,144,3
1992,Brandon,135,4
1992,Kyle,127,5
1992,Christopher,126,6
1992,Justin,116,7
1992,Tyler,115,8
1992,Alexander,111,9
1992,Joshua,105,10
1992,Andrew,104,11
1992,Nicholas,102,12
1992,Jordan,100,13
1992,James,95,14
1992,Cody,80,15
1992,Daniel,80,15
1992,John,77,17
1992,David,71,18
1992,Joseph,71,18
1992,Dylan,70,20
1993,Brandon,207,1
1993,Ryan,171,2
1993,Matthew,162,3
1993,Michael,124,4
1993,Christopher,118,5
1993,Tyler,116,6
1993,Kyle,114,7
1993,Justin,111,8
1993,Nicholas,107,9
1993,Alexander,105,10
1993,Joshua,102,11
1993,Andrew,90,12
1993,Jordan,89,13
1993,John,86,14
1993,Cody,84,15
1993,James,82,16
1993,Jacob,73,17
1993,Daniel,72,18
1993,Dylan,67,19
1993,David,64,20
1994,Brandon,190,1
1994,Matthew,168,2
1994,Kyle,118,3
1994,Ryan,118,3
1994,Alexander,109,5
1994,Justin,105,6
1994,Tyler,100,7
1994,Michael,99,8
1994,Christopher,93,9
1994,Cody,93,9
1994,Nicholas,93,9
1994,Jordan,88,12
1994,Joshua,88,12
1994,James,79,14
1994,Daniel,76,15
1994,Andrew,75,16
1994,Dylan,75,16
1994,John,71,18
1994,Robert,70,19
1994,Jacob,68,20
1995,Brandon,194,1
1995,Tyler,123,2
1995,Matthew,122,3
1995,Ryan,110,4
1995,Nicholas,109,5
1995,Alexander,95,6
1995,Kyle,91,7
1995,Michael,89,8
1995,Joshua,87,9
1995,Justin,85,10
1995,Jacob,77,11
1995,Cody,75,12
1995,Dylan,74,13
1995,John,72,14
1995,Andrew,71,15
1995,Jordan,71,15
1995,James,69,17
1995,Christopher,67,18
1995,Daniel,67,18
1995,Mitchell,65,20
1996,Brandon,160,1
1996,Matthew,137,2
1996,Nicholas,122,3
1996,Ryan,108,4
1996,Alexander,96,5
1996,Michael,94,6
1996,Tyler,90,7
1996,Jacob,83,8
1996,Joshua,83,8
1996,Jordan,80,10
1996,Kyle,80,10
1996,Dylan,79,12
1996,Justin,77,13
1996,Daniel,76,14
1996,Andrew,74,15
1996,Christopher,72,16
1996,John,71,17
1996,Connor,70,18
1996,William,68,19
1996,Liam,66,20
1997,Brandon,135,1
1997,Matthew,115,2
1997,Nicholas,105,3
1997,Ryan,105,3
1997,Dylan,93,5
1997,Jacob,90,6
1997,Kyle,88,7
1997,Joshua,85,8
1997,Tyler,84,9
1997,Logan,81,10
1997,Michael,76,11
1997,Jordan,69,12
1997,Justin,69,12
1997,Liam,69,12
1997,Alexander,68,15
1997,Andrew,68,15
1997,James,65,17
1997,Austin,61,18
1997,Christopher,61,18
1997,Daniel,60,20
1998,Matthew,122,1
1998,Ryan,105,2
1998,Jacob,93,3
1998,Nicholas,87,4
1998,Tyler,87,4
1998,Alexander,86,6
1998,Brandon,84,7
1998,Dylan,78,8
1998,Joshua,77,9
1998,Cameron,72,10
1998,Michael,71,11
1998,Jordan,68,12
1998,Kyle,65,13
1998,Andrew,60,14
1998,Austin,60,14
1998,Benjamin,60,14
1998,Noah,60,14
1998,William,59,18
1998,John,55,19
1998,Logan,52,20
1999,Matthew,114,1
1999,Nicholas,113,2
1999,Ryan,98,3
1999,Jacob,94,4
1999,Joshua,84,5
1999,Cameron,80,6
1999,Tyler,77,7
1999,Logan,69,8
1999,Kyle,66,9
1999,Brandon,65,10
1999,William,65,10
1999,Noah,63,12
1999,Liam,61,13
1999,Alexander,60,14
1999,Austin,59,15
1999,Justin,59,15
1999,Michael,59,15
1999,Christopher,57,18
1999,Benjamin,56,19
1999,Dawson,54,20
2000,Jacob,96,1
2000,Nicholas,92,2
2000,Joshua,87,3
2000,Matthew,85,4
2000,Ryan,85,4
2000,Cameron,76,6
2000,Benjamin,75,7
2000,Dylan,73,8
2000,Alexander,71,9
2000,Tyler,64,10
2000,Noah,63,11
2000,Brandon,58,12
2000,Ethan,55,13
2000,Liam,55,13
2000,Michael,54,15
2000,Zachary,54,15
2000,James,53,17
2000,Kyle,53,17
2000,John,52,19
2000,Austin,50,20
2000,Christopher,50,20
2001,Jacob,95,1
2001,Logan,85,2
2001,Matthew,81,3
2001,Joshua,77,4
2001,Ethan,73,5
2001,Nicholas,73,5
2001,Ryan,73,5
2001,Dylan,71,8
2001,Cameron,70,9
2001,Liam,63,10
2001,Benjamin,62,11
2001,Noah,60,12
2001,Alexander,58,13
2001,Brandon,58,13
2001,Michael,55,15
2001,Justin,53,16
2001,William,52,17
2001,Riley,51,18
2001,Tyler,51,18
2001,Daniel,47,20
2002,Ethan,106,1
2002,Jacob,80,2
2002,Matthew,80,2
2002,Nicholas,72,4
2002,Connor,71,5
2002,Joshua,69,6
2002,Ryan,68,7
2002,Logan,66,8
2002,Noah,62,9
2002,Alexander,57,10
2002,Benjamin,57,10
2002,Liam,57,10
2002,Cameron,55,13
2002,Dylan,53,14
2002,Zachary,51,15
2002,Samuel,50,16
2002,Cole,49,17
2002,Tyler,49,17
2002,Brandon,47,19
2002,James,45,20
2003,Ethan,97,1
2003,Matthew,83,2
2003,Ryan,73,3
2003,Jacob,70,4
2003,Benjamin,68,5
2003,Connor,67,6
2003,Joshua,64,7
2003,Nicholas,63,8
2003,Alexander,62,9
2003,Logan,58,10
2003,Cameron,55,11
2003,Liam,55,11
2003,Dylan,51,13
2003,Samuel,50,14
2003,John,49,15
2003,Brandon,46,16
2003,Noah,46,16
2003,Michael,43,18
2003,William,43,18
2003,Nathan,42,20
2004,Ethan,96,1
2004,Ryan,67,2
2004,Alexander,66,3
2004,Liam,66,3
2004,Noah,63,5
2004,Matthew,62,6
2004,Logan,60,7
2004,Connor,58,8
2004,Joshua,58,8
2004,Benjamin,57,10
2004,Jacob,56,11
2004,Cameron,54,12
2004,Nicholas,51,13
2004,Zachary,50,14
2004,Dylan,48,15
2004,Tyler,47,16
2004,Owen,46,17
2004,William,46,17
2004,Nathan,45,19
2004,Evan,44,20
2005,Jacob,81,1
2005,Ethan,69,2
2005,Alexander,64,3
2005,Logan,63,4
2005,Jack,62,5
2005,Connor,61,6
2005,Joshua,61,6
2005,Nicholas,59,8
2005,Matthew,57,9
2005,Nathan,57,9
2005,Noah,57,9
2005,Ryan,55,12
2005,William,55,12
2005,Owen,51,14
2005,Benjamin,49,15
2005,Liam,49,15
2005,Dylan,47,17
2005,Evan,46,18
2005,Cameron,43,19
2005,Samuel,42,20
2006,Ryan,72,1
2006,Ethan,67,2
2006,Jacob,67,2
2006,Noah,65,4
2006,Liam,60,5
2006,Owen,60,5
2006,Alexander,58,7
2006,Matthew,58,7
2006,Jack,56,9
2006,Benjamin,54,10
2006,Nathan,53,11
2006,Evan,51,12
2006,William,50,13
2006,Cole,49,14
2006,Joshua,49,14
2006,Logan,48,16
2006,Lucas,46,17
2006,Cameron,45,18
2006,Connor,44,19
2006,Nicholas,43,20
2007,Noah,82,1
2007,Ethan,69,2
2007,Jack,66,3
2007,Liam,66,3
2007,Logan,65,5
2007,Owen,63,6
2007,Jacob,57,7
2007,Alexander,56,8
2007,William,55,9
2007,Nicholas,51,10
2007,Nathan,50,11
2007,Benjamin,49,12
2007,Cameron,49,12
2007,Matthew,48,14
2007,Ryan,48,14
2007,Lucas,44,16
2007,Connor,43,17
2007,Carter,40,18
2007,Joshua,40,18
2007,John,39,20
2007,Samuel,39,20
2008,Jacob,71,1
2008,Liam,69,2
2008,Logan,66,3
2008,Ethan,62,4
2008,William,59,5
2008,Alexander,58,6
2008,Noah,58,6
2008,Owen,57,8
2008,Jack,54,9
2008,Ryan,51,10
2008,Matthew,49,11
2008,Lucas,48,12
2008,Aiden,45,13
2008,Benjamin,42,14
2008,Carter,42,14
2008,Nathan,41,16
2008,Cameron,40,17
2008,Connor,39,18
2008,Joshua,38,19
2008,James,37,20
2009,Ethan,91,1
2009,Jacob,78,2
2009,Liam,64,3
2009,William,61,4
2009,Logan,59,5
2009,Owen,58,6
2009,Alexander,55,7
2009,Noah,55,7
2009,Benjamin,49,9
2009,Carter,45,10
2009,Ryan,45,10
2009,Joshua,43,12
2009,Jack,42,13
2009,Lucas,42,13
2009,Samuel,42,13
2009,Connor,40,16
2009,Luke,40,16
2009,Brody,39,18
2009,Jackson,39,18
2009,Nathan,38,20
2010,Liam,77,1
2010,Owen,77,1
2010,Benjamin,73,3
2010,Ethan,70,4
2010,Jacob,70,4
2010,Logan,58,6
2010,Carter,52,7
2010,William,52,7
2010,Jack,50,9
2010,Samuel,46,10
2010,Nathan,42,11
2010,Alexander,41,12
2010,Brayden,40,13
2010,Noah,40,13
2010,John,39,15
2010,Hayden,37,16
2010,James,37,16
2010,Lucas,37,16
2010,Joshua,36,19
2010,Aiden,35,20
2011,Liam,85,1
2011,William,66,2
2011,Jacob,64,3
2011,Benjamin,63,4
2011,Ethan,58,5
2011,Owen,58,5
2011,Logan,57,7
2011,Mason,52,8
2011,Noah,52,8
2011,Jack,51,10
2011,Lucas,49,11
2011,Alexander,44,12
2011,Hunter,43,13
2011,Samuel,38,14
2011,Brayden,36,15
2011,Carter,36,15
2011,Aiden,34,17
2011,Luke,34,17
2011,Nathan,34,17
2011,Oliver,32,20
2012,Jacob,65,1
2012,Ethan,63,2
2012,Benjamin,59,3
2012,Lucas,55,4
2012,Noah,55,4
2012,Owen,55,4
2012,Liam,54,7
2012,Mason,51,8
2012,Carter,45,9
2012,Hunter,45,9
2012,Logan,45,9
2012,William,45,9
2012,James,43,13
2012,Jack,42,14
2012,Alexander,40,15
2012,Jackson,39,16
2012,Wyatt,36,17
2012,Nathan,35,18
2012,Isaac,34,19
2012,Samuel,33,20
2013,Liam,70,1
2013,Hunter,57,2
2013,Benjamin,54,3
2013,Ethan,51,4
2013,Noah,51,4
2013,Jack,47,6
2013,William,46,7
2013,Carter,44,8
2013,Jacob,44,8
2013,Mason,43,10
2013,Owen,43,10
2013,Alexander,42,12
2013,Jackson,41,13
2013,Logan,38,14
2013,Lucas,38,14
2013,Oliver,38,14
2013,Luke,37,17
2013,Jaxon,36,18
2013,Nathan,36,18
2013,Samuel,33,20
2014,Liam,60,1
2014,Benjamin,58,2
2014,Owen,56,3
2014,William,55,4
2014,Lucas,53,5
2014,Carter,51,6
2014,Ethan,50,7
2014,Hunter,48,8
2014,Jacob,44,9
2014,Jack,42,10
2014,Jackson,40,11
2014,Oliver,40,11
2014,Alexander,36,13
2014,Mason,36,13
2014,Noah,35,15
2014,James,34,16
2014,Samuel,31,17
2014,Gavin,30,18
2014,Luke,29,19
2014,Gabriel,27,20
2014,Jaxon,27,20
2014,John,27,20
2015,Owen,59,1
2015,William,57,2
2015,Liam,51,3
2015,Benjamin,47,4
2015,Jack,45,5
2015,Oliver,43,6
2015,Jacob,41,7
2015,Logan,40,8
2015,Mason,40,8
2015,Hunter,39,10
2015,Noah,39,10
2015,Wyatt,36,12
2015,Carter,35,13
2015,Ethan,35,13
2015,Emmett,33,15
2015,Jackson,32,16
2015,Henry,30,17
2015,Parker,30,17
2015,Lucas,29,19
2015,Alexander,28,20
2016,William,64,1
2016,Benjamin,49,2
2016,Oliver,49,2
2016,Noah,44,4
2016,Liam,42,5
2016,Hunter,39,6
2016,Ethan,38,7
2016,Owen,38,7
2016,Jacob,37,9
2016,Logan,37,9
2016,Mason,36,11
2016,Lucas,35,12
2016,Emmett,33,13
2016,Henry,33,13
2016,John,32,15
2016,Wyatt,32,15
2016,Jack,31,17
2016,Carter,30,18
2016,Jackson,30,18
2016,James,29,20
2017,William,62,1
2017,Benjamin,52,2
2017,Oliver,46,3
2017,Liam,45,4
2017,Lincoln,45,4
2017,Jack,44,6
2017,Noah,44,6
2017,Logan,42,8
2017,Lucas,42,8
2017,James,38,10
2017,Owen,38,10
2017,Ethan,37,12
2017,Hunter,37,12
2017,Alexander,35,14
2017,Carter,33,15
2017,Grayson,33,15
2017,Jackson,32,17
2017,Emmett,32,17
2017,Jaxon,31,19
2017,Mason,31,19
2018,William,62,1
2018,Benjamin,49,2
2018,Hunter,42,3
2018,Lincoln,40,4
2018,Oliver,39,5
2018,Jack,38,6
2018,Noah,38,6
2018,Owen,36,8
2018,Liam,35,9
2018,Logan,35,9
2018,Ethan,34,11
2018,Mason,34,11
2018,Lucas,33,13
2018,Emmett,31,14
2018,James,30,15
2018,Alexander,29,16
2018,Henry,29,16
2018,John,29,16
2018,Thomas,29,16
2018,Wyatt,26,20
2019,Jack,52,1
2019,Owen,51,2
2019,Noah,48,3
2019,Benjamin,47,4
2019,Liam,47,4
2019,Oliver,45,6
2019,William,39,7
2019,Ethan,36,8
2019,Levi,36,8
2019,Henry,35,10
2019,Wyatt,35,10
2019,Emmett,34,12
2019,Hudson,33,13
2019,Lucas,33,13
2019,Jackson,32,15
2019,Lincoln,32,15
2019,Grayson,29,17
2019,James,29,17
2019,Theodore,28,19
2019,Samuel,27,20
2020,Oliver,60,1
2020,William,52,2
2020,Benjamin,49,3
2020,Jack,48,4
2020,Levi,42,5
2020,Noah,42,5
2020,Henry,35,7
2020,Liam,35,7
2020,Luke,33,9
2020,Owen,33,9
2020,Hudson,32,11
2020,Thomas,30,12
2020,Theodore,27,13
2020,Alexander,26,14
2020,Leo,26,14
2020,Emmett,25,16
2020,Lucas,25,16
2020,Carter,24,18
2020,James,24,18
2020,Jackson,23,20
2021,Jack,52,1
2021,Noah,49,2
2021,Oliver,47,3
2021,Owen,46,4
2021,Levi,45,5
2021,Benjamin,41,6
2021,Henry,41,6
2021,William,41,6
2021,Lucas,39,9
2021,Liam,38,10
2021,Theodore,35,11
2021,Leo,34,12
2021,James,32,13
2021,Lincoln,31,14
2021,Logan,31,14
2021,Wyatt,29,16
2021,Bennett,26,17
2021,Carter,26,17
2021,Declan,26,17
2021,Hudson,26,17
2021,Jackson,26,17
2022,Oliver,59,1
2022,Jack,49,2
2022,William,41,3
2022,Owen,39,4
2022,Henry,37,5
2022,Noah,35,6
2022,Theodore,35,6
2022,Levi,32,8
2022,Grayson,31,9
2022,Liam,31,9
2022,Beau,30,11
2022,Theo,29,12
2022,Hudson,28,13
2022,Jackson,28,13
2022,Thomas,28,13
2022,John,27,16
2022,Ethan,26,17
2022,Wyatt,26,17
2022,Benjamin,25,19
2022,Lucas,25,19
2022,Rowan,25,19
